"Time"	"Abs"
0	17.13536
0.0017	11.2111
0.0033	9.298838
0.005	11.2111
0.0067	16.91039
0.0083	18.78515
0.01	19.42257
0.0117	19.61005
0.0133	19.68504
0.015	19.68504
0.0167	19.68504
0.0183	19.72253
0.02	19.72253
0.0217	19.68504
0.0233	19.68504
0.025	19.68504
0.0267	19.68504
0.0283	19.68504
0.03	19.68504
0.0317	19.68504
0.0333	19.68504
0.035	19.68504
0.0367	19.68504
0.0383	19.68504
0.04	19.68504
0.0417	19.68504
0.0433	19.68504
0.045	19.64754
0.0467	19.64754
0.0483	19.64754
0.05	19.64754
0.0517	19.64754
0.0533	19.64754
0.055	19.64754
0.0567	19.64754
0.0583	19.64754
0.06	19.64754
0.0617	19.64754
0.0633	19.64754
0.065	19.64754
0.0667	19.64754
0.0683	19.64754
0.07	19.61005
0.0717	19.61005
0.0733	19.61005
0.075	19.61005
0.0767	19.61005
0.0783	19.61005
0.08	19.61005
0.0817	19.61005
0.0833	19.61005
0.085	19.61005
0.0867	19.61005
0.0883	19.61005
0.09	19.61005
0.0917	19.61005
0.0933	19.61005
0.095	19.61005
0.0967	19.57255
0.0983	19.57255
0.1	19.57255
0.1017	19.57255
0.1033	19.57255
0.105	19.57255
0.1067	19.57255
0.1083	19.57255
0.11	19.57255
0.1117	19.57255
0.1133	19.57255
0.115	19.57255
0.1167	19.57255
0.1183	19.57255
0.12	19.57255
0.1217	19.57255
0.1233	19.61005
0.125	19.61005
0.1267	19.61005
0.1283	19.61005
0.13	19.64754
0.1317	19.64754
0.1333	19.64754
0.135	19.64754
0.1367	19.64754
0.1383	19.68504
0.14	19.68504
0.1417	19.68504
0.1433	19.68504
0.145	19.68504
0.1467	19.68504
0.1483	19.68504
0.15	19.68504
0.1517	19.68504
0.1533	19.68504
0.155	19.68504
0.1567	19.68504
0.1583	19.68504
0.16	19.68504
0.1617	19.68504
0.1633	19.68504
0.165	19.68504
0.1667	19.68504
0.1683	19.68504
0.17	19.68504
0.1717	19.68504
0.1733	19.68504
0.175	19.68504
0.1767	19.68504
0.1783	19.68504
0.18	19.68504
0.1817	19.68504
0.1833	19.68504
0.185	19.68504
0.1867	19.68504
0.1883	19.68504
0.19	19.68504
0.1917	19.68504
0.1933	19.68504
0.195	19.68504
0.1967	19.72253
0.1983	19.72253
0.2	19.72253
0.2017	19.72253
0.2033	19.72253
0.205	19.72253
0.2067	19.72253
0.2083	19.72253
0.21	19.72253
0.2117	19.72253
0.2133	19.72253
0.215	19.72253
0.2167	19.72253
0.2183	19.72253
0.22	19.72253
0.2217	19.72253
0.2233	19.72253
0.225	19.72253
0.2267	19.72253
0.2283	19.72253
0.23	19.72253
0.2317	19.72253
0.2333	19.72253
0.235	19.72253
0.2367	19.72253
0.2383	19.72253
0.24	19.72253
0.2417	19.72253
0.2433	19.72253
0.245	19.72253
0.2467	19.72253
0.2483	19.72253
0.25	19.72253
0.2517	19.72253
0.2533	19.72253
0.255	19.72253
0.2567	19.72253
0.2583	19.72253
0.26	19.72253
0.2617	19.72253
0.2633	19.72253
0.265	19.72253
0.2667	19.72253
0.2683	19.72253
0.27	19.72253
0.2717	19.72253
0.2733	19.72253
0.275	19.72253
0.2767	19.72253
0.2783	19.72253
0.28	19.76003
0.2817	19.76003
0.2833	19.76003
0.285	19.76003
0.2867	19.76003
0.2883	19.76003
0.29	19.76003
0.2917	19.76003
0.2933	19.76003
0.295	19.76003
0.2967	19.76003
0.2983	19.76003
0.3	19.76003
0.3017	19.76003
0.3033	19.76003
0.305	19.76003
0.3067	19.76003
0.3083	19.76003
0.31	19.76003
0.3117	19.76003
0.3133	19.76003
0.315	19.76003
0.3167	19.76003
0.3183	19.76003
0.32	19.76003
0.3217	19.76003
0.3233	19.76003
0.325	19.76003
0.3267	19.76003
0.3283	19.76003
0.33	19.76003
0.3317	19.76003
0.3333	19.76003
0.335	19.76003
0.3367	19.76003
0.3383	19.76003
0.34	19.76003
0.3417	19.76003
0.3433	19.76003
0.345	19.76003
0.3467	19.76003
0.3483	19.76003
0.35	19.76003
0.3517	19.76003
0.3533	19.76003
0.355	19.76003
0.3567	19.76003
0.3583	19.76003
0.36	19.76003
0.3617	19.76003
0.3633	19.76003
0.365	19.76003
0.3667	19.76003
0.3683	19.76003
0.37	19.76003
0.3717	19.76003
0.3733	19.76003
0.375	19.76003
0.3767	19.76003
0.3783	19.76003
0.38	19.76003
0.3817	19.76003
0.3833	19.76003
0.385	19.76003
0.3867	19.76003
0.3883	19.76003
0.39	19.76003
0.3917	19.76003
0.3933	19.76003
0.395	19.76003
0.3967	19.76003
0.3983	19.76003
0.4	19.76003
0.4017	19.76003
0.4033	19.76003
0.405	19.76003
0.4067	19.76003
0.4083	19.76003
0.41	19.76003
0.4117	19.76003
0.4133	19.76003
0.415	19.76003
0.4167	19.76003
0.4183	19.76003
0.42	19.76003
0.4217	19.76003
0.4233	19.76003
0.425	19.76003
0.4267	19.76003
0.4283	19.76003
0.43	19.76003
0.4317	19.76003
0.4333	19.76003
0.435	19.76003
0.4367	19.76003
0.4383	19.76003
0.44	19.76003
0.4417	19.76003
0.4433	19.76003
0.445	19.76003
0.4467	19.76003
0.4483	19.76003
0.45	19.76003
0.4517	19.76003
0.4533	19.76003
0.455	19.76003
0.4567	19.76003
0.4583	19.76003
0.46	19.76003
0.4617	19.76003
0.4633	19.76003
0.465	19.76003
0.4667	19.76003
0.4683	19.76003
0.47	19.76003
0.4717	19.76003
0.4733	19.76003
0.475	19.76003
0.4767	19.76003
0.4783	19.76003
0.48	19.76003
0.4817	19.76003
0.4833	19.76003
0.485	19.76003
0.4867	19.76003
0.4883	19.76003
0.49	19.76003
0.4917	19.76003
0.4933	19.76003
0.495	19.76003
0.4967	19.76003
0.4983	19.76003
0.5	19.76003
0.5017	19.76003
0.5033	19.76003
0.505	19.76003
0.5067	19.76003
0.5083	19.76003
0.51	19.76003
0.5117	19.76003
0.5133	19.76003
0.515	19.76003
0.5167	19.76003
0.5183	19.76003
0.52	19.76003
0.5217	19.76003
0.5233	19.76003
0.525	19.76003
0.5267	19.76003
0.5283	19.76003
0.53	19.76003
0.5317	19.76003
0.5333	19.76003
0.535	19.76003
0.5367	19.76003
0.5383	19.76003
0.54	19.76003
0.5417	19.76003
0.5433	19.76003
0.545	19.76003
0.5467	19.76003
0.5483	19.76003
0.55	19.76003
0.5517	19.76003
0.5533	19.76003
0.555	19.76003
0.5567	19.76003
0.5583	19.76003
0.56	19.76003
0.5617	19.76003
0.5633	19.76003
0.565	19.76003
0.5667	19.76003
0.5683	19.76003
0.57	19.76003
0.5717	19.76003
0.5733	19.76003
0.575	19.76003
0.5767	19.76003
0.5783	19.76003
0.58	19.76003
0.5817	19.76003
0.5833	19.76003
0.585	19.76003
0.5867	19.76003
0.5883	19.76003
0.59	19.76003
0.5917	19.76003
0.5933	19.76003
0.595	19.76003
0.5967	19.76003
0.5983	19.76003
0.6	19.76003
0.6017	19.76003
0.6033	19.76003
0.605	19.76003
0.6067	19.76003
0.6083	19.76003
0.61	19.76003
0.6117	19.76003
0.6133	19.76003
0.615	19.76003
0.6167	19.76003
0.6183	19.76003
0.62	19.76003
0.6217	19.76003
0.6233	19.76003
0.625	19.76003
0.6267	19.76003
0.6283	19.76003
0.63	19.76003
0.6317	19.76003
0.6333	19.76003
0.635	19.76003
0.6367	19.76003
0.6383	19.76003
0.64	19.76003
0.6417	19.76003
0.6433	19.76003
0.645	19.76003
0.6467	19.76003
0.6483	19.76003
0.65	19.76003
0.6517	19.76003
0.6533	19.76003
0.655	19.76003
0.6567	19.76003
0.6583	19.76003
0.66	19.76003
0.6617	19.76003
0.6633	19.76003
0.665	19.76003
0.6667	19.76003
0.6683	19.76003
0.67	19.76003
0.6717	19.76003
0.6733	19.76003
0.675	19.76003
0.6767	19.76003
0.6783	19.76003
0.68	19.76003
0.6817	19.76003
0.6833	19.76003
0.685	19.76003
0.6867	19.76003
0.6883	19.76003
0.69	19.76003
0.6917	19.76003
0.6933	19.76003
0.695	19.76003
0.6967	19.76003
0.6983	19.76003
0.7	19.76003
0.7017	19.76003
0.7033	19.76003
0.705	19.76003
0.7067	19.76003
0.7083	19.76003
0.71	19.76003
0.7117	19.76003
0.7133	19.76003
0.715	19.76003
0.7167	19.76003
0.7183	19.76003
0.72	19.76003
0.7217	19.76003
0.7233	19.76003
0.725	19.76003
0.7267	19.76003
0.7283	19.76003
0.73	19.76003
0.7317	19.76003
0.7333	19.76003
0.735	19.76003
0.7367	19.76003
0.7383	19.76003
0.74	19.76003
0.7417	19.76003
0.7433	19.76003
0.745	19.76003
0.7467	19.76003
0.7483	19.76003
0.75	19.76003
0.7517	19.76003
0.7533	19.76003
0.755	19.76003
0.7567	19.76003
0.7583	19.76003
0.76	19.76003
0.7617	19.76003
0.7633	19.76003
0.765	19.76003
0.7667	19.76003
0.7683	19.76003
0.77	19.76003
0.7717	19.76003
0.7733	19.76003
0.775	19.76003
0.7767	19.76003
0.7783	19.76003
0.78	19.76003
0.7817	19.76003
0.7833	19.76003
0.785	19.76003
0.7867	19.76003
0.7883	19.76003
0.79	19.76003
0.7917	19.76003
0.7933	19.76003
0.795	19.76003
0.7967	19.76003
0.7983	19.76003
0.8	19.76003
0.8017	19.76003
0.8033	19.76003
0.805	19.76003
0.8067	19.76003
0.8083	19.76003
0.81	19.76003
0.8117	19.76003
0.8133	19.76003
0.815	19.76003
0.8167	19.76003
0.8183	19.76003
0.82	19.76003
0.8217	19.76003
0.8233	19.76003
0.825	19.76003
0.8267	19.76003
0.8283	19.76003
0.83	19.76003
0.8317	19.76003
0.8333	19.76003
0.835	19.76003
0.8367	19.76003
0.8383	19.76003
0.84	19.76003
0.8417	19.76003
0.8433	19.76003
0.845	19.76003
0.8467	19.76003
0.8483	19.76003
0.85	19.76003
0.8517	19.76003
0.8533	19.76003
0.855	19.76003
0.8567	19.76003
0.8583	19.76003
0.86	19.76003
0.8617	19.76003
0.8633	19.76003
0.865	19.76003
0.8667	19.76003
0.8683	19.76003
0.87	19.76003
0.8717	19.76003
0.8733	19.76003
0.875	19.76003
0.8767	19.76003
0.8783	19.76003
0.88	19.76003
0.8817	19.76003
0.8833	19.76003
0.885	19.76003
0.8867	19.76003
0.8883	19.76003
0.89	19.76003
0.8917	19.76003
0.8933	19.76003
0.895	19.76003
0.8967	19.76003
0.8983	19.76003
0.9	19.76003
0.9017	19.76003
0.9033	19.76003
0.905	19.76003
0.9067	19.76003
0.9083	19.76003
0.91	19.76003
0.9117	19.76003
0.9133	19.76003
0.915	19.76003
0.9167	19.76003
0.9183	19.76003
0.92	19.76003
0.9217	19.76003
0.9233	19.76003
0.925	19.76003
0.9267	19.76003
0.9283	19.76003
0.93	19.76003
0.9317	19.76003
0.9333	19.76003
0.935	19.76003
0.9367	19.76003
0.9383	19.76003
0.94	19.76003
0.9417	19.76003
0.9433	19.76003
0.945	19.76003
0.9467	19.76003
0.9483	19.76003
0.95	19.76003
0.9517	19.76003
0.9533	19.76003
0.955	19.76003
0.9567	19.76003
0.9583	19.76003
0.96	19.76003
0.9617	19.76003
0.9633	19.76003
0.965	19.76003
0.9667	19.76003
0.9683	19.76003
0.97	19.76003
0.9717	19.76003
0.9733	19.76003
0.975	19.76003
0.9767	19.76003
0.9783	19.76003
0.98	19.76003
0.9817	19.76003
0.9833	19.76003
0.985	19.76003
0.9867	19.76003
0.9883	19.76003
0.99	19.76003
0.9917	19.76003
0.9933	19.76003
0.995	19.76003
0.9967	19.76003
0.9983	19.76003
1	19.76003
1.0017	19.76003
1.0033	19.76003
1.005	19.76003
1.0067	19.76003
1.0083	19.76003
1.01	19.76003
1.0117	19.76003
1.0133	19.76003
1.015	19.76003
1.0167	19.76003
1.0183	19.76003
1.02	19.76003
1.0217	19.76003
1.0233	19.76003
1.025	19.76003
1.0267	19.76003
1.0283	19.76003
1.03	19.76003
1.0317	19.76003
1.0333	19.76003
1.035	19.76003
1.0367	19.76003
1.0383	19.76003
1.04	19.76003
1.0417	19.76003
1.0433	19.76003
1.045	19.76003
1.0467	19.76003
1.0483	19.76003
1.05	19.76003
1.0517	19.76003
1.0533	19.76003
1.055	19.76003
1.0567	19.76003
1.0583	19.76003
1.06	19.76003
1.0617	19.76003
1.0633	19.76003
1.065	19.76003
1.0667	19.76003
1.0683	19.76003
1.07	19.76003
1.0717	19.76003
1.0733	19.76003
1.075	19.76003
1.0767	19.76003
1.0783	19.76003
1.08	19.76003
1.0817	19.76003
1.0833	19.76003
1.085	19.76003
1.0867	19.76003
1.0883	19.76003
1.09	19.76003
1.0917	19.76003
1.0933	19.76003
1.095	19.76003
1.0967	19.76003
1.0983	19.76003
1.1	19.76003
1.1017	19.76003
1.1033	19.76003
1.105	19.76003
1.1067	19.76003
1.1083	19.76003
1.11	19.76003
1.1117	19.79753
1.1133	19.79753
1.115	19.76003
1.1167	19.79753
1.1183	19.79753
1.12	19.76003
1.1217	19.79753
1.1233	19.76003
1.125	19.76003
1.1267	19.79753
1.1283	19.79753
1.13	19.79753
1.1317	19.79753
1.1333	19.79753
1.135	19.79753
1.1367	19.79753
1.1383	19.79753
1.14	19.79753
1.1417	19.79753
1.1433	19.79753
1.145	19.79753
1.1467	19.79753
1.1483	19.79753
1.15	19.79753
1.1517	19.79753
1.1533	19.79753
1.155	19.79753
1.1567	19.79753
1.1583	19.79753
1.16	19.79753
1.1617	19.79753
1.1633	19.79753
1.165	19.79753
1.1667	19.79753
1.1683	19.79753
1.17	19.79753
1.1717	19.79753
1.1733	19.79753
1.175	19.79753
1.1767	19.79753
1.1783	19.79753
1.18	19.79753
1.1817	19.79753
1.1833	19.79753
1.185	19.83502
1.1867	19.83502
1.1883	19.83502
1.19	19.83502
1.1917	19.83502
1.1933	19.83502
1.195	19.83502
1.1967	19.83502
1.1983	19.83502
1.2	19.83502
1.2017	19.83502
1.2033	19.83502
1.205	19.87252
1.2067	19.87252
1.2083	19.87252
1.21	19.87252
1.2117	19.87252
1.2133	19.87252
1.215	19.91001
1.2167	19.91001
1.2183	19.91001
1.22	19.91001
1.2217	19.91001
1.2233	19.94751
1.225	19.94751
1.2267	19.94751
1.2283	19.985
1.23	19.985
1.2317	20.0225
1.2333	20.0225
1.235	20.05999
1.2367	20.09749
1.2383	20.13498
1.24	20.17248
1.2417	20.20997
1.2433	20.28496
1.245	20.32246
1.2467	20.43495
1.2483	20.54743
1.25	20.73491
1.2517	20.92238
1.2533	21.18485
1.255	21.48481
1.2567	21.85977
1.2583	22.34721
1.26	22.94713
1.2617	23.73453
1.2633	24.70941
1.265	25.87177
1.2667	27.33408
1.2683	28.98388
1.27	30.89614
1.2717	32.95838
1.2733	35.2081
1.275	37.5703
1.2767	40.0075
1.2783	42.48219
1.28	44.99438
1.2817	47.46907
1.2833	49.94376
1.285	52.34346
1.2867	54.66817
1.2883	56.91788
1.29	59.05512
1.2917	61.11736
1.2933	63.06712
1.295	64.90439
1.2967	66.66666
1.2983	68.31646
1.3	69.89127
1.3017	71.35358
1.3033	72.74091
1.305	74.01575
1.3067	75.2156
1.3083	76.37795
1.31	77.46532
1.3117	78.47769
1.3133	79.45257
1.315	80.35246
1.3167	81.21485
1.3183	82.03974
1.32	82.78965
1.3217	83.53956
1.3233	84.25197
1.325	84.92689
1.3267	85.6018
1.3283	86.23922
1.33	86.83914
1.3317	87.43907
1.3333	88.03899
1.335	88.60143
1.3367	89.12636
1.3383	89.68879
1.34	90.17623
1.3417	90.70116
1.3433	91.1886
1.345	91.67604
1.3467	92.16348
1.3483	92.61343
1.35	93.06337
1.3517	93.51331
1.3533	93.92576
1.355	94.3757
1.3567	94.78815
1.3583	95.2006
1.36	95.57555
1.3617	95.988
1.3633	96.36295
1.365	96.73791
1.3667	97.11286
1.3683	97.48782
1.37	97.86277
1.3717	98.20023
1.3733	98.57518
1.375	98.91264
1.3767	99.25009
1.3783	99.58755
1.38	99.92501
1.3817	100.225
1.3833	100.5624
1.385	100.8624
1.3867	101.1999
1.3883	101.4998
1.39	101.7998
1.3917	102.0997
1.3933	102.3997
1.395	102.6997
1.3967	102.9996
1.3983	103.1121
1.4	103.1121
1.4017	103.1121
1.4033	103.1121
1.405	103.1121
1.4067	103.1121
1.4083	103.1121
1.41	103.1121
1.4117	103.1121
1.4133	103.1121
1.415	103.1121
1.4167	103.1121
1.4183	103.1121
1.42	103.1121
1.4217	103.1121
1.4233	103.1121
1.425	103.1121
1.4267	103.1121
1.4283	103.1121
1.43	103.1121
1.4317	103.1121
1.4333	103.1121
1.435	103.1121
1.4367	103.1121
1.4383	103.1121
1.44	103.1121
1.4417	103.1121
1.4433	103.1121
1.445	103.1121
1.4467	103.1121
1.4483	103.1121
1.45	103.1121
1.4517	103.1121
1.4533	103.1121
1.455	103.1121
1.4567	103.1121
1.4583	103.1121
1.46	103.1121
1.4617	103.1121
1.4633	103.1121
1.465	103.1121
1.4667	103.1121
1.4683	103.1121
1.47	103.1121
1.4717	103.1121
1.4733	103.1121
1.475	103.1121
1.4767	103.1121
1.4783	103.1121
1.48	103.1121
1.4817	103.1121
1.4833	103.1121
1.485	103.1121
1.4867	103.1121
1.4883	103.1121
1.49	103.1121
1.4917	103.1121
1.4933	103.1121
1.495	103.1121
1.4967	103.1121
1.4983	103.1121
1.5	103.1121
1.5017	103.1121
1.5033	103.1121
1.505	103.1121
1.5067	103.1121
1.5083	103.1121
1.51	103.1121
1.5117	103.1121
1.5133	103.1121
1.515	103.1121
1.5167	103.1121
1.5183	103.1121
1.52	103.1121
1.5217	103.1121
1.5233	103.1121
1.525	103.1121
1.5267	103.1121
1.5283	103.1121
1.53	103.1121
1.5317	103.1121
1.5333	103.1121
1.535	103.1121
1.5367	103.1121
1.5383	103.1121
1.54	103.1121
1.5417	103.1121
1.5433	103.1121
1.545	103.1121
1.5467	103.1121
1.5483	103.1121
1.55	103.1121
1.5517	103.1121
1.5533	103.1121
1.555	103.1121
1.5567	103.1121
1.5583	103.1121
1.56	103.1121
1.5617	103.1121
1.5633	103.1121
1.565	103.1121
1.5667	103.1121
1.5683	102.4372
1.57	101.7248
1.5717	101.0124
1.5733	100.2625
1.575	99.47507
1.5767	98.65017
1.5783	97.82527
1.58	97.00037
1.5817	96.17548
1.5833	95.31309
1.585	94.48819
1.5867	93.66329
1.5883	92.87589
1.59	92.05099
1.5917	91.2636
1.5933	90.47619
1.595	89.68879
1.5967	88.90139
1.5983	88.11398
1.6	87.36408
1.6017	86.57668
1.6033	85.82677
1.605	85.03937
1.6067	84.25197
1.6083	83.46457
1.61	82.63967
1.6117	81.85227
1.6133	81.02737
1.615	80.20248
1.6167	79.37758
1.6183	78.51518
1.62	77.69029
1.6217	76.8279
1.6233	76.003
1.625	75.14061
1.6267	74.3532
1.6283	73.52831
1.63	72.74091
1.6317	71.991
1.6333	71.2411
1.635	70.49119
1.6367	69.77878
1.6383	69.06637
1.64	68.39145
1.6417	67.71654
1.6433	67.04162
1.645	66.36671
1.6467	65.69179
1.6483	65.05437
1.65	64.37946
1.6517	63.74203
1.6533	63.06712
1.655	62.4297
1.6567	61.79227
1.6583	61.11736
1.66	60.47994
1.6617	59.80502
1.6633	59.1676
1.665	58.49269
1.6667	57.85527
1.6683	57.18035
1.67	56.54293
1.6717	55.90551
1.6733	55.30559
1.675	54.70566
1.6767	54.10574
1.6783	53.54331
1.68	52.98088
1.6817	52.45594
1.6833	51.93101
1.685	51.40607
1.6867	50.91864
1.6883	50.3937
1.69	49.90626
1.6917	49.41882
1.6933	48.93139
1.695	48.48144
1.6967	47.994
1.6983	47.50656
1.7	47.05662
1.7017	46.56918
1.7033	46.11924
1.705	45.6318
1.7067	45.18185
1.7083	44.73191
1.71	44.28196
1.7117	43.83202
1.7133	43.38208
1.715	42.93213
1.7167	42.51968
1.7183	42.10723
1.72	41.69479
1.7217	41.31984
1.7233	40.94488
1.725	40.56993
1.7267	40.19498
1.7283	39.85752
1.73	39.55756
1.7317	39.2201
1.7333	38.92014
1.735	38.58268
1.7367	38.28271
1.7383	37.98275
1.74	37.72028
1.7417	37.42032
1.7433	37.12036
1.745	36.85789
1.7467	36.55793
1.7483	36.29546
1.75	35.9955
1.7517	35.73303
1.7533	35.47057
1.755	35.2081
1.7567	34.94563
1.7583	34.68317
1.76	34.4207
1.7617	34.15823
1.7633	33.89576
1.765	33.67079
1.7667	33.44582
1.7683	33.22085
1.77	32.99588
1.7717	32.7709
1.7733	32.58343
1.775	32.39595
1.7767	32.20847
1.7783	32.05849
1.78	31.87102
1.7817	31.72104
1.7833	31.53356
1.785	31.38358
1.7867	31.23359
1.7883	31.08361
1.79	30.93363
1.7917	30.74616
1.7933	30.59618
1.795	30.44619
1.7967	30.29621
1.7983	30.14623
1.8	29.99625
1.8017	29.84627
1.8033	29.69629
1.805	29.54631
1.8067	29.39633
1.8083	29.28384
1.81	29.13386
1.8117	28.98388
1.8133	28.87139
1.815	28.75891
1.8167	28.64642
1.8183	28.53393
1.82	28.42145
1.8217	28.30896
1.8233	28.19648
1.825	28.12148
1.8267	28.04649
1.8283	27.93401
1.83	27.85902
1.8317	27.78403
1.8333	27.70904
1.835	27.59655
1.8367	27.52156
1.8383	27.44657
1.84	27.37158
1.8417	27.29659
1.8433	27.2216
1.845	27.10911
1.8467	27.03412
1.8483	26.95913
1.85	26.88414
1.8517	26.80915
1.8533	26.73416
1.855	26.65917
1.8567	26.58418
1.8583	26.50919
1.86	26.4342
1.8617	26.3967
1.8633	26.32171
1.865	26.24672
1.8667	26.20922
1.8683	26.17173
1.87	26.09674
1.8717	26.05924
1.8733	26.02175
1.875	25.94676
1.8767	25.90926
1.8783	25.87177
1.88	25.83427
1.8817	25.75928
1.8833	25.72178
1.885	25.68429
1.8867	25.64679
1.8883	25.5718
1.89	25.53431
1.8917	25.49681
1.8933	25.45932
1.895	25.45932
1.8967	25.42182
1.8983	25.38433
1.9	25.38433
1.9017	25.38433
1.9033	25.34683
1.905	25.34683
1.9067	25.34683
1.9083	25.34683
1.91	25.34683
1.9117	25.34683
1.9133	25.34683
1.915	25.38433
1.9167	25.38433
1.9183	25.38433
1.92	25.42182
1.9217	25.42182
1.9233	25.45932
1.925	25.49681
1.9267	25.53431
1.9283	25.5718
1.93	25.64679
1.9317	25.72178
1.9333	25.79678
1.935	25.90926
1.9367	26.02175
1.9383	26.13423
1.94	26.28421
1.9417	26.4342
1.9433	26.62167
1.945	26.77165
1.9467	26.95913
1.9483	27.1841
1.95	27.37158
1.9517	27.55906
1.9533	27.74653
1.955	27.93401
1.9567	28.12148
1.9583	28.30896
1.96	28.45894
1.9617	28.64642
1.9633	28.7964
1.965	28.98388
1.9667	29.13386
1.9683	29.28384
1.97	29.43382
1.9717	29.5838
1.9733	29.73378
1.975	29.84627
1.9767	29.99625
1.9783	30.10874
1.98	30.25872
1.9817	30.3712
1.9833	30.48369
1.985	30.59618
1.9867	30.67117
1.9883	30.78365
1.99	30.85864
1.9917	30.93363
1.9933	31.00862
1.995	31.04612
1.9967	31.12111
1.9983	31.15861
2	31.1961
2.0017	31.23359
2.0033	31.23359
2.005	31.27109
2.0067	31.27109
2.0083	31.27109
2.01	31.30859
2.0117	31.30859
2.0133	31.27109
2.015	31.27109
2.0167	31.23359
2.0183	31.23359
2.02	31.1961
2.0217	31.12111
2.0233	31.08361
2.025	31.00862
2.0267	30.93363
2.0283	30.85864
2.03	30.74616
2.0317	30.67117
2.0333	30.55868
2.035	30.4087
2.0367	30.29621
2.0383	30.14623
2.04	29.99625
2.0417	29.84627
2.0433	29.69629
2.045	29.54631
2.0467	29.39633
2.0483	29.24634
2.05	29.09636
2.0517	28.94638
2.0533	28.8339
2.055	28.68391
2.0567	28.53393
2.0583	28.42145
2.06	28.27147
2.0617	28.12148
2.0633	28.009
2.065	27.85902
2.0667	27.70904
2.0683	27.55906
2.07	27.40907
2.0717	27.25909
2.0733	27.07162
2.075	26.92163
2.0767	26.73416
2.0783	26.58418
2.08	26.4342
2.0817	26.24672
2.0833	26.09674
2.085	25.94676
2.0867	25.79678
2.0883	25.64679
2.09	25.49681
2.0917	25.38433
2.0933	25.27184
2.095	25.15936
2.0967	25.04687
2.0983	24.97188
2.1	24.89689
2.1017	24.8219
2.1033	24.74691
2.105	24.67192
2.1067	24.59693
2.1083	24.55943
2.11	24.52193
2.1117	24.48444
2.1133	24.44694
2.115	24.40945
2.1167	24.37195
2.1183	24.33446
2.12	24.29696
2.1217	24.29696
2.1233	24.25947
2.125	24.25947
2.1267	24.22197
2.1283	24.22197
2.13	24.22197
2.1317	24.25947
2.1333	24.25947
2.135	24.29696
2.1367	24.29696
2.1383	24.33446
2.14	24.37195
2.1417	24.40945
2.1433	24.44694
2.145	24.48444
2.1467	24.52193
2.1483	24.59693
2.15	24.63442
2.1517	24.67192
2.1533	24.74691
2.155	24.7844
2.1567	24.85939
2.1583	24.93438
2.16	25.00937
2.1617	25.08436
2.1633	25.15936
2.165	25.23435
2.1667	25.34683
2.1683	25.45932
2.17	25.5718
2.1717	25.68429
2.1733	25.83427
2.175	25.98425
2.1767	26.13423
2.1783	26.32171
2.18	26.50919
2.1817	26.69666
2.1833	26.88414
2.185	27.07162
2.1867	27.25909
2.1883	27.44657
2.19	27.63405
2.1917	27.82152
2.1933	28.009
2.195	28.19648
2.1967	28.38395
2.1983	28.57143
2.2	28.75891
2.2017	28.94638
2.2033	29.17135
2.205	29.35883
2.2067	29.6213
2.2083	29.84627
2.21	30.10874
2.2117	30.4087
2.2133	30.70866
2.215	31.04612
2.2167	31.38358
2.2183	31.72104
2.22	32.09599
2.2217	32.47094
2.2233	32.88339
2.225	33.29584
2.2267	33.70829
2.2283	34.12074
2.23	34.53318
2.2317	34.94563
2.2333	35.35808
2.235	35.73303
2.2367	36.14548
2.2383	36.52044
2.24	36.85789
2.2417	37.19535
2.2433	37.5703
2.245	37.87027
2.2467	38.20773
2.2483	38.50769
2.25	38.80765
2.2517	39.14511
2.2533	39.40757
2.255	39.70753
2.2567	40.0075
2.2583	40.26997
2.26	40.53243
2.2617	40.7574
2.2633	40.98238
2.265	41.20735
2.2667	41.43232
2.2683	41.6198
2.27	41.80727
2.2717	41.99475
2.2733	42.14473
2.275	42.29471
2.2767	42.44469
2.2783	42.59468
2.28	42.70716
2.2817	42.85714
2.2833	42.96963
2.285	43.08212
2.2867	43.1946
2.2883	43.30709
2.29	43.38208
2.2917	43.45707
2.2933	43.56955
2.295	43.64454
2.2967	43.68204
2.2983	43.75703
2.3	43.83202
2.3017	43.86951
2.3033	43.94451
2.305	43.982
2.3067	44.05699
2.3083	44.09449
2.31	44.13198
2.3117	44.20697
2.3133	44.24447
2.315	44.31946
2.3167	44.39445
2.3183	44.46944
2.32	44.58193
2.3217	44.69441
2.3233	44.8069
2.325	44.95688
2.3267	45.06937
2.3283	45.21935
2.33	45.33183
2.3317	45.48182
2.3333	45.5943
2.335	45.74428
2.3367	45.89426
2.3383	46.04424
2.34	46.19423
2.3417	46.34421
2.3433	46.49419
2.345	46.68166
2.3467	46.86914
2.3483	47.09411
2.35	47.31908
2.3517	47.58155
2.3533	47.88152
2.355	48.18148
2.3567	48.51894
2.3583	48.89389
2.36	49.26884
2.3617	49.68129
2.3633	50.13123
2.365	50.58118
2.3667	51.06861
2.3683	51.59355
2.37	52.08099
2.3717	52.56843
2.3733	53.09336
2.375	53.5808
2.3767	54.06824
2.3783	54.55568
2.38	55.04312
2.3817	55.49306
2.3833	55.94301
2.385	56.39295
2.3867	56.88039
2.3883	57.33033
2.39	57.78028
2.3917	58.26772
2.3933	58.75516
2.395	59.28009
2.3967	59.80502
2.3983	60.32996
2.4	60.92988
2.4017	61.52981
2.4033	62.12973
2.405	62.76715
2.4067	63.44207
2.4083	64.11699
2.41	64.7919
2.4117	65.46682
2.4133	66.17923
2.415	66.85414
2.4167	67.52906
2.4183	68.16648
2.42	68.84139
2.4217	69.44132
2.4233	70.07874
2.425	70.64117
2.4267	71.2036
2.4283	71.76603
2.43	72.29096
2.4317	72.8159
2.4333	73.26584
2.435	73.75328
2.4367	74.16573
2.4383	74.57818
2.44	74.95313
2.4417	75.29059
2.4433	75.62804
2.445	75.89051
2.4467	76.15298
2.4483	76.37795
2.45	76.52793
2.4517	76.67792
2.4533	76.75291
2.455	76.7904
2.4567	76.75291
2.4583	76.67792
2.46	76.56543
2.4617	76.41545
2.4633	76.22797
2.465	76.003
2.4667	75.77803
2.4683	75.47807
2.47	75.2156
2.4717	74.87814
2.4733	74.57818
2.475	74.24072
2.4767	73.90326
2.4783	73.52831
2.48	73.15336
2.4817	72.74091
2.4833	72.32846
2.485	71.87852
2.4867	71.42857
2.4883	70.94113
2.49	70.4162
2.4917	69.85377
2.4933	69.25385
2.495	68.61642
2.4967	67.979
2.4983	67.30408
2.5	66.59167
2.5017	65.84177
2.5033	65.09187
2.505	64.30446
2.5067	63.51706
2.5083	62.72966
2.51	61.94226
2.5117	61.15485
2.5133	60.40495
2.515	59.65504
2.5167	58.90514
2.5183	58.19273
2.52	57.51781
2.5217	56.8054
2.5233	56.13049
2.525	55.49306
2.5267	54.81815
2.5283	54.18073
2.53	53.50581
2.5317	52.86839
2.5333	52.19348
2.535	51.55606
2.5367	50.88114
2.5383	50.20622
2.54	49.56881
2.5417	48.89389
2.5433	48.21897
2.545	47.58155
2.5467	46.94413
2.5483	46.30671
2.55	45.66929
2.5517	45.06937
2.5533	44.46944
2.555	43.90701
2.5567	43.34458
2.5583	42.81965
2.56	42.33221
2.5617	41.84477
2.5633	41.39482
2.565	40.98238
2.5667	40.56993
2.5683	40.15748
2.57	39.78253
2.5717	39.44507
2.5733	39.07012
2.575	38.73266
2.5767	38.4327
2.5783	38.09524
2.58	37.79528
2.5817	37.49531
2.5833	37.19535
2.585	36.89539
2.5867	36.63292
2.5883	36.33296
2.59	36.07049
2.5917	35.80803
2.5933	35.58305
2.595	35.32058
2.5967	35.09561
2.5983	34.87064
2.6	34.64567
2.6017	34.4207
2.6033	34.23322
2.605	34.04575
2.6067	33.85827
2.6083	33.67079
2.61	33.52081
2.6117	33.33333
2.6133	33.18335
2.615	33.03337
2.6167	32.88339
2.6183	32.73341
2.62	32.62092
2.6217	32.47094
2.6233	32.32096
2.625	32.17098
2.6267	32.05849
2.6283	31.90851
2.63	31.79603
2.6317	31.64604
2.6333	31.53356
2.635	31.38358
2.6367	31.27109
2.6383	31.12111
2.64	31.00862
2.6417	30.89614
2.6433	30.78365
2.645	30.67117
2.6467	30.59618
2.6483	30.48369
2.65	30.3712
2.6517	30.29621
2.6533	30.22122
2.655	30.10874
2.6567	30.03375
2.6583	29.95876
2.66	29.88376
2.6617	29.80877
2.6633	29.73378
2.665	29.65879
2.6667	29.6213
2.6683	29.54631
2.67	29.47132
2.6717	29.39633
2.6733	29.32133
2.675	29.24634
2.6767	29.17135
2.6783	29.09636
2.68	29.02137
2.6817	28.98388
2.6833	28.90889
2.685	28.8339
2.6867	28.7964
2.6883	28.72141
2.69	28.68391
2.6917	28.60892
2.6933	28.57143
2.695	28.53393
2.6967	28.45894
2.6983	28.42145
2.7	28.38395
2.7017	28.34646
2.7033	28.30896
2.705	28.27147
2.7067	28.23397
2.7083	28.19648
2.71	28.15898
2.7117	28.08399
2.7133	28.04649
2.715	28.009
2.7167	27.9715
2.7183	27.93401
2.72	27.89651
2.7217	27.85902
2.7233	27.78403
2.725	27.74653
2.7267	27.70904
2.7283	27.63405
2.73	27.59655
2.7317	27.55906
2.7333	27.52156
2.735	27.48406
2.7367	27.44657
2.7383	27.37158
2.74	27.33408
2.7417	27.29659
2.7433	27.25909
2.745	27.2216
2.7467	27.1841
2.7483	27.14661
2.75	27.10911
2.7517	27.07162
2.7533	27.03412
2.755	26.99663
2.7567	26.95913
2.7583	26.95913
2.76	26.92163
2.7617	26.88414
2.7633	26.80915
2.765	26.77165
2.7667	26.73416
2.7683	26.69666
2.77	26.65917
2.7717	26.62167
2.7733	26.58418
2.775	26.54668
2.7767	26.50919
2.7783	26.47169
2.78	26.4342
2.7817	26.3967
2.7833	26.35921
2.785	26.32171
2.7867	26.28421
2.7883	26.24672
2.79	26.24672
2.7917	26.20922
2.7933	26.17173
2.795	26.17173
2.7967	26.13423
2.7983	26.09674
2.8	26.09674
2.8017	26.05924
2.8033	26.05924
2.805	26.02175
2.8067	25.98425
2.8083	25.98425
2.81	25.94676
2.8117	25.94676
2.8133	25.90926
2.815	25.90926
2.8167	25.87177
2.8183	25.87177
2.82	25.87177
2.8217	25.83427
2.8233	25.83427
2.825	25.83427
2.8267	25.83427
2.8283	25.83427
2.83	25.83427
2.8317	25.83427
2.8333	25.83427
2.835	25.87177
2.8367	25.87177
2.8383	25.87177
2.84	25.87177
2.8417	25.87177
2.8433	25.87177
2.845	25.87177
2.8467	25.87177
2.8483	25.87177
2.85	25.87177
2.8517	25.87177
2.8533	25.87177
2.855	25.87177
2.8567	25.87177
2.8583	25.87177
2.86	25.87177
2.8617	25.87177
2.8633	25.83427
2.865	25.83427
2.8667	25.83427
2.8683	25.79678
2.87	25.79678
2.8717	25.75928
2.8733	25.75928
2.875	25.72178
2.8767	25.68429
2.8783	25.64679
2.88	25.64679
2.8817	25.6093
2.8833	25.5718
2.885	25.53431
2.8867	25.49681
2.8883	25.45932
2.89	25.42182
2.8917	25.42182
2.8933	25.38433
2.895	25.34683
2.8967	25.30934
2.8983	25.27184
2.9	25.23435
2.9017	25.19685
2.9033	25.12186
2.905	25.08436
2.9067	25.04687
2.9083	25.00937
2.91	24.93438
2.9117	24.89689
2.9133	24.8219
2.915	24.7844
2.9167	24.70941
2.9183	24.63442
2.92	24.59693
2.9217	24.52193
2.9233	24.44694
2.925	24.37195
2.9267	24.33446
2.9283	24.25947
2.93	24.18448
2.9317	24.14698
2.9333	24.07199
2.935	24.0345
2.9367	23.997
2.9383	23.92201
2.94	23.88451
2.9417	23.84702
2.9433	23.80952
2.945	23.73453
2.9467	23.69704
2.9483	23.65954
2.95	23.62205
2.9517	23.58455
2.9533	23.50956
2.955	23.47207
2.9567	23.43457
2.9583	23.39708
2.96	23.35958
2.9617	23.32208
2.9633	23.28459
2.965	23.2096
2.9667	23.1721
2.9683	23.13461
2.97	23.13461
2.9717	23.09711
2.9733	23.05962
2.975	23.02212
2.9767	22.98463
2.9783	22.94713
2.98	22.94713
2.9817	22.90964
2.9833	22.87214
2.985	22.87214
2.9867	22.83465
2.9883	22.83465
2.99	22.79715
2.9917	22.79715
2.9933	22.75965
2.995	22.75965
2.9967	22.72216
2.9983	22.72216
3	22.68466
3.0017	22.68466
3.0033	22.64717
3.005	22.64717
3.0067	22.60967
3.0083	22.60967
3.01	22.57218
3.0117	22.53468
3.0133	22.53468
3.015	22.49719
3.0167	22.49719
3.0183	22.45969
3.02	22.45969
3.0217	22.4222
3.0233	22.4222
3.025	22.3847
3.0267	22.3847
3.0283	22.34721
3.03	22.34721
3.0317	22.34721
3.0333	22.30971
3.035	22.30971
3.0367	22.27222
3.0383	22.27222
3.04	22.27222
3.0417	22.23472
3.0433	22.23472
3.045	22.19723
3.0467	22.15973
3.0483	22.15973
3.05	22.12223
3.0517	22.12223
3.0533	22.08474
3.055	22.04725
3.0567	22.04725
3.0583	22.00975
3.06	21.97225
3.0617	21.97225
3.0633	21.93476
3.065	21.89726
3.0667	21.89726
3.0683	21.85977
3.07	21.85977
3.0717	21.82227
3.0733	21.82227
3.075	21.82227
3.0767	21.78478
3.0783	21.78478
3.08	21.74728
3.0817	21.74728
3.0833	21.74728
3.085	21.74728
3.0867	21.70979
3.0883	21.70979
3.09	21.70979
3.0917	21.67229
3.0933	21.67229
3.095	21.67229
3.0967	21.67229
3.0983	21.67229
3.1	21.67229
3.1017	21.67229
3.1033	21.67229
3.105	21.67229
3.1067	21.67229
3.1083	21.70979
3.11	21.70979
3.1117	21.74728
3.1133	21.78478
3.115	21.82227
3.1167	21.85977
3.1183	21.89726
3.12	21.93476
3.1217	21.97225
3.1233	22.04725
3.125	22.08474
3.1267	22.12223
3.1283	22.19723
3.13	22.23472
3.1317	22.30971
3.1333	22.34721
3.135	22.4222
3.1367	22.49719
3.1383	22.53468
3.14	22.60967
3.1417	22.68466
3.1433	22.79715
3.145	22.87214
3.1467	22.94713
3.1483	23.02212
3.15	23.09711
3.1517	23.2096
3.1533	23.28459
3.155	23.35958
3.1567	23.43457
3.1583	23.50956
3.16	23.58455
3.1617	23.62205
3.1633	23.69704
3.165	23.73453
3.1667	23.80952
3.1683	23.84702
3.17	23.88451
3.1717	23.92201
3.1733	23.95951
3.175	23.997
3.1767	24.0345
3.1783	24.0345
3.18	24.07199
3.1817	24.07199
3.1833	24.10949
3.185	24.10949
3.1867	24.10949
3.1883	24.10949
3.19	24.07199
3.1917	24.07199
3.1933	24.0345
3.195	23.997
3.1967	23.95951
3.1983	23.92201
3.2	23.88451
3.2017	23.84702
3.2033	23.77203
3.205	23.73453
3.2067	23.65954
3.2083	23.62205
3.21	23.54706
3.2117	23.50956
3.2133	23.43457
3.215	23.39708
3.2167	23.32208
3.2183	23.28459
3.22	23.24709
3.2217	23.1721
3.2233	23.13461
3.225	23.09711
3.2267	23.02212
3.2283	22.98463
3.23	22.94713
3.2317	22.87214
3.2333	22.83465
3.235	22.75965
3.2367	22.72216
3.2383	22.68466
3.24	22.60967
3.2417	22.57218
3.2433	22.49719
3.245	22.45969
3.2467	22.4222
3.2483	22.34721
3.25	22.30971
3.2517	22.27222
3.2533	22.23472
3.255	22.15973
3.2567	22.12223
3.2583	22.08474
3.26	22.08474
3.2617	22.04725
3.2633	22.00975
3.265	21.97225
3.2667	21.97225
3.2683	21.93476
3.27	21.89726
3.2717	21.85977
3.2733	21.85977
3.275	21.82227
3.2767	21.78478
3.2783	21.78478
3.28	21.74728
3.2817	21.70979
3.2833	21.67229
3.285	21.67229
3.2867	21.6348
3.2883	21.5973
3.29	21.5598
3.2917	21.52231
3.2933	21.52231
3.295	21.48481
3.2967	21.44732
3.2983	21.40982
3.3	21.40982
3.3017	21.37233
3.3033	21.37233
3.305	21.33483
3.3067	21.33483
3.3083	21.29734
3.31	21.29734
3.3117	21.29734
3.3133	21.25984
3.315	21.25984
3.3167	21.25984
3.3183	21.25984
3.32	21.22235
3.3217	21.22235
3.3233	21.22235
3.325	21.22235
3.3267	21.22235
3.3283	21.22235
3.33	21.22235
3.3317	21.22235
3.3333	21.22235
3.335	21.25984
3.3367	21.25984
3.3383	21.29734
3.34	21.33483
3.3417	21.40982
3.3433	21.44732
3.345	21.52231
3.3467	21.5598
3.3483	21.6348
3.35	21.70979
3.3517	21.78478
3.3533	21.85977
3.355	21.97225
3.3567	22.04725
3.3583	22.12223
3.36	22.19723
3.3617	22.27222
3.3633	22.3847
3.365	22.45969
3.3667	22.57218
3.3683	22.64717
3.37	22.75965
3.3717	22.87214
3.3733	22.98463
3.375	23.09711
3.3767	23.2096
3.3783	23.32208
3.38	23.47207
3.3817	23.58455
3.3833	23.69704
3.385	23.80952
3.3867	23.92201
3.3883	24.0345
3.39	24.14698
3.3917	24.22197
3.3933	24.33446
3.395	24.40945
3.3967	24.48444
3.3983	24.55943
3.4	24.63442
3.4017	24.70941
3.4033	24.74691
3.405	24.7844
3.4067	24.85939
3.4083	24.89689
3.41	24.89689
3.4117	24.93438
3.4133	24.97188
3.415	24.97188
3.4167	24.97188
3.4183	24.97188
3.42	24.97188
3.4217	24.97188
3.4233	24.93438
3.425	24.89689
3.4267	24.85939
3.4283	24.8219
3.43	24.74691
3.4317	24.70941
3.4333	24.63442
3.435	24.55943
3.4367	24.48444
3.4383	24.40945
3.44	24.33446
3.4417	24.25947
3.4433	24.18448
3.445	24.10949
3.4467	24.0345
3.4483	23.95951
3.45	23.88451
3.4517	23.84702
3.4533	23.77203
3.455	23.69704
3.4567	23.65954
3.4583	23.58455
3.46	23.50956
3.4617	23.43457
3.4633	23.39708
3.465	23.32208
3.4667	23.24709
3.4683	23.1721
3.47	23.09711
3.4717	23.05962
3.4733	22.98463
3.475	22.90964
3.4767	22.83465
3.4783	22.75965
3.48	22.68466
3.4817	22.64717
3.4833	22.57218
3.485	22.53468
3.4867	22.45969
3.4883	22.4222
3.49	22.3847
3.4917	22.30971
3.4933	22.27222
3.495	22.23472
3.4967	22.23472
3.4983	22.19723
3.5	22.15973
3.5017	22.12223
3.5033	22.08474
3.505	22.08474
3.5067	22.04725
3.5083	22.00975
3.51	22.00975
3.5117	21.97225
3.5133	21.97225
3.515	21.97225
3.5167	21.97225
3.5183	21.97225
3.52	21.97225
3.5217	21.97225
3.5233	22.00975
3.525	22.00975
3.5267	22.04725
3.5283	22.12223
3.53	22.15973
3.5317	22.23472
3.5333	22.30971
3.535	22.3847
3.5367	22.45969
3.5383	22.53468
3.54	22.60967
3.5417	22.72216
3.5433	22.79715
3.545	22.87214
3.5467	22.98463
3.5483	23.05962
3.55	23.1721
3.5517	23.24709
3.5533	23.35958
3.555	23.47207
3.5567	23.58455
3.5583	23.69704
3.56	23.84702
3.5617	23.95951
3.5633	24.07199
3.565	24.22197
3.5667	24.33446
3.5683	24.44694
3.57	24.59693
3.5717	24.70941
3.5733	24.8219
3.575	24.93438
3.5767	25.04687
3.5783	25.12186
3.58	25.23435
3.5817	25.30934
3.5833	25.38433
3.585	25.45932
3.5867	25.53431
3.5883	25.6093
3.59	25.64679
3.5917	25.72178
3.5933	25.75928
3.595	25.79678
3.5967	25.83427
3.5983	25.87177
3.6	25.87177
3.6017	25.90926
3.6033	25.90926
3.605	25.90926
3.6067	25.87177
3.6083	25.87177
3.61	25.83427
3.6117	25.79678
3.6133	25.72178
3.615	25.68429
3.6167	25.6093
3.6183	25.53431
3.62	25.45932
3.6217	25.38433
3.6233	25.30934
3.625	25.19685
3.6267	25.12186
3.6283	25.00937
3.63	24.93438
3.6317	24.85939
3.6333	24.7844
3.635	24.70941
3.6367	24.59693
3.6383	24.52193
3.64	24.44694
3.6417	24.40945
3.6433	24.33446
3.645	24.25947
3.6467	24.18448
3.6483	24.10949
3.65	24.0345
3.6517	23.95951
3.6533	23.88451
3.655	23.84702
3.6567	23.77203
3.6583	23.73453
3.66	23.65954
3.6617	23.62205
3.6633	23.58455
3.665	23.54706
3.6667	23.54706
3.6683	23.50956
3.67	23.50956
3.6717	23.54706
3.6733	23.54706
3.675	23.58455
3.6767	23.62205
3.6783	23.65954
3.68	23.69704
3.6817	23.73453
3.6833	23.80952
3.685	23.84702
3.6867	23.92201
3.6883	23.997
3.69	24.07199
3.6917	24.14698
3.6933	24.22197
3.695	24.33446
3.6967	24.44694
3.6983	24.52193
3.7	24.63442
3.7017	24.74691
3.7033	24.85939
3.705	24.97188
3.7067	25.08436
3.7083	25.23435
3.71	25.30934
3.7117	25.42182
3.7133	25.53431
3.715	25.64679
3.7167	25.72178
3.7183	25.79678
3.72	25.87177
3.7217	25.94676
3.7233	26.02175
3.725	26.09674
3.7267	26.13423
3.7283	26.17173
3.73	26.24672
3.7317	26.28421
3.7333	26.32171
3.735	26.32171
3.7367	26.35921
3.7383	26.35921
3.74	26.35921
3.7417	26.35921
3.7433	26.35921
3.745	26.35921
3.7467	26.32171
3.7483	26.32171
3.75	26.28421
3.7517	26.24672
3.7533	26.17173
3.755	26.13423
3.7567	26.09674
3.7583	26.02175
3.76	25.98425
3.7617	25.94676
3.7633	25.87177
3.765	25.83427
3.7667	25.79678
3.7683	25.75928
3.77	25.72178
3.7717	25.68429
3.7733	25.64679
3.775	25.64679
3.7767	25.6093
3.7783	25.6093
3.78	25.6093
3.7817	25.6093
3.7833	25.6093
3.785	25.64679
3.7867	25.64679
3.7883	25.68429
3.79	25.72178
3.7917	25.79678
3.7933	25.87177
3.795	25.90926
3.7967	25.98425
3.7983	26.05924
3.8	26.13423
3.8017	26.20922
3.8033	26.32171
3.805	26.3967
3.8067	26.47169
3.8083	26.54668
3.81	26.62167
3.8117	26.65917
3.8133	26.73416
3.815	26.77165
3.8167	26.80915
3.8183	26.88414
3.82	26.92163
3.8217	26.95913
3.8233	26.99663
3.825	26.99663
3.8267	27.03412
3.8283	27.03412
3.83	27.03412
3.8317	27.07162
3.8333	27.07162
3.835	27.07162
3.8367	27.07162
3.8383	27.03412
3.84	27.03412
3.8417	27.03412
3.8433	27.03412
3.845	27.03412
3.8467	27.03412
3.8483	27.07162
3.85	27.07162
3.8517	27.10911
3.8533	27.14661
3.855	27.1841
3.8567	27.2216
3.8583	27.25909
3.86	27.33408
3.8617	27.37158
3.8633	27.40907
3.865	27.48406
3.8667	27.55906
3.8683	27.59655
3.87	27.67154
3.8717	27.70904
3.8733	27.78403
3.875	27.82152
3.8767	27.89651
3.8783	27.93401
3.88	27.9715
3.8817	28.009
3.8833	28.04649
3.885	28.08399
3.8867	28.08399
3.8883	28.08399
3.89	28.08399
3.8917	28.08399
3.8933	28.08399
3.895	28.08399
3.8967	28.08399
3.8983	28.08399
3.9	28.04649
3.9017	28.04649
3.9033	28.04649
3.905	28.04649
3.9067	28.04649
3.9083	28.04649
3.91	28.08399
3.9117	28.08399
3.9133	28.12148
3.915	28.12148
3.9167	28.15898
3.9183	28.19648
3.92	28.23397
3.9217	28.27147
3.9233	28.30896
3.925	28.34646
3.9267	28.38395
3.9283	28.45894
3.93	28.49644
3.9317	28.53393
3.9333	28.57143
3.935	28.60892
3.9367	28.60892
3.9383	28.64642
3.94	28.64642
3.9417	28.68391
3.9433	28.68391
3.945	28.68391
3.9467	28.68391
3.9483	28.68391
3.95	28.68391
3.9517	28.68391
3.9533	28.68391
3.955	28.68391
3.9567	28.68391
3.9583	28.68391
3.96	28.68391
3.9617	28.68391
3.9633	28.68391
3.965	28.68391
3.9667	28.68391
3.9683	28.72141
3.97	28.72141
3.9717	28.72141
3.9733	28.72141
3.975	28.75891
3.9767	28.75891
3.9783	28.7964
3.98	28.7964
3.9817	28.7964
3.9833	28.8339
3.985	28.8339
3.9867	28.8339
3.9883	28.8339
3.99	28.87139
3.9917	28.87139
3.9933	28.87139
3.995	28.87139
3.9967	28.87139
3.9983	28.87139
4	28.8339
4.0017	28.8339
4.0033	28.8339
4.005	28.8339
4.0067	28.7964
4.0083	28.7964
4.01	28.7964
4.0117	28.75891
4.0133	28.75891
4.015	28.75891
4.0167	28.75891
4.0183	28.72141
4.02	28.72141
4.0217	28.72141
4.0233	28.72141
4.025	28.72141
4.0267	28.72141
4.0283	28.72141
4.03	28.72141
4.0317	28.72141
4.0333	28.72141
4.035	28.68391
4.0367	28.68391
4.0383	28.68391
4.04	28.68391
4.0417	28.64642
4.0433	28.64642
4.045	28.60892
4.0467	28.60892
4.0483	28.57143
4.05	28.53393
4.0517	28.53393
4.0533	28.49644
4.055	28.45894
4.0567	28.42145
4.0583	28.38395
4.06	28.38395
4.0617	28.34646
4.0633	28.30896
4.065	28.30896
4.0667	28.27147
4.0683	28.27147
4.07	28.23397
4.0717	28.23397
4.0733	28.23397
4.075	28.19648
4.0767	28.19648
4.0783	28.15898
4.08	28.15898
4.0817	28.12148
4.0833	28.12148
4.085	28.08399
4.0867	28.08399
4.0883	28.04649
4.09	28.009
4.0917	28.009
4.0933	27.9715
4.095	27.93401
4.0967	27.89651
4.0983	27.85902
4.1	27.85902
4.1017	27.82152
4.1033	27.78403
4.105	27.74653
4.1067	27.74653
4.1083	27.70904
4.11	27.67154
4.1117	27.67154
4.1133	27.63405
4.115	27.63405
4.1167	27.59655
4.1183	27.59655
4.12	27.59655
4.1217	27.55906
4.1233	27.55906
4.125	27.55906
4.1267	27.52156
4.1283	27.52156
4.13	27.52156
4.1317	27.48406
4.1333	27.48406
4.135	27.44657
4.1367	27.44657
4.1383	27.40907
4.14	27.40907
4.1417	27.37158
4.1433	27.33408
4.145	27.33408
4.1467	27.29659
4.1483	27.29659
4.15	27.25909
4.1517	27.2216
4.1533	27.2216
4.155	27.1841
4.1567	27.1841
4.1583	27.14661
4.16	27.14661
4.1617	27.10911
4.1633	27.10911
4.165	27.07162
4.1667	27.07162
4.1683	27.03412
4.17	27.03412
4.1717	26.99663
4.1733	26.99663
4.175	26.95913
4.1767	26.95913
4.1783	26.92163
4.18	26.92163
4.1817	26.88414
4.1833	26.84664
4.185	26.80915
4.1867	26.80915
4.1883	26.77165
4.19	26.73416
4.1917	26.69666
4.1933	26.65917
4.195	26.62167
4.1967	26.62167
4.1983	26.58418
4.2	26.54668
4.2017	26.50919
4.2033	26.47169
4.205	26.4342
4.2067	26.4342
4.2083	26.3967
4.21	26.35921
4.2117	26.32171
4.2133	26.28421
4.215	26.24672
4.2167	26.20922
4.2183	26.20922
4.22	26.17173
4.2217	26.13423
4.2233	26.09674
4.225	26.05924
4.2267	26.02175
4.2283	25.98425
4.23	25.94676
4.2317	25.90926
4.2333	25.87177
4.235	25.83427
4.2367	25.79678
4.2383	25.75928
4.24	25.72178
4.2417	25.68429
4.2433	25.64679
4.245	25.6093
4.2467	25.5718
4.2483	25.5718
4.25	25.53431
4.2517	25.49681
4.2533	25.45932
4.255	25.38433
4.2567	25.34683
4.2583	25.30934
4.26	25.23435
4.2617	25.19685
4.2633	25.12186
4.265	25.08436
4.2667	25.00937
4.2683	24.97188
4.27	24.89689
4.2717	24.85939
4.2733	24.8219
4.275	24.7844
4.2767	24.74691
4.2783	24.74691
4.28	24.70941
4.2817	24.70941
4.2833	24.70941
4.285	24.74691
4.2867	24.74691
4.2883	24.7844
4.29	24.8219
4.2917	24.85939
4.2933	24.89689
4.295	24.93438
4.2967	25.00937
4.2983	25.04687
4.3	25.12186
4.3017	25.19685
4.3033	25.27184
4.305	25.30934
4.3067	25.30934
4.3083	25.19685
4.31	25.04687
4.3117	24.7844
4.3133	24.44694
4.315	24.07199
4.3167	23.69704
4.3183	23.28459
4.32	22.90964
4.3217	22.53468
4.3233	22.15973
4.325	21.85977
4.3267	21.52231
4.3283	21.25984
4.33	20.99738
4.3317	20.7724
4.3333	20.54743
4.335	20.35995
4.3367	20.17248
4.3383	20.0225
4.34	19.87252
4.3417	19.76003
4.3433	19.64754
4.345	19.53506
4.3467	19.46007
4.3483	19.38508
4.35	19.31009
4.3517	19.2351
4.3533	19.1976
4.355	19.12261
4.3567	19.08511
4.3583	19.04762
4.36	19.01012
4.3617	18.97263
4.3633	18.93513
4.365	18.89764
4.3667	18.86014
4.3683	18.82265
4.37	18.82265
4.3717	18.78515
4.3733	18.78515
4.375	18.74766
4.3767	18.71016
4.3783	18.71016
4.38	18.67267
4.3817	18.67267
4.3833	18.67267
4.385	18.63517
4.3867	18.63517
4.3883	18.59768
4.39	18.59768
4.3917	18.59768
4.3933	18.56018
4.395	18.56018
4.3967	18.56018
4.3983	18.56018
4.4	18.52268
4.4017	18.52268
4.4033	18.52268
4.405	18.52268
4.4067	18.48519
4.4083	18.48519
4.41	18.48519
4.4117	18.48519
4.4133	18.44769
4.415	18.44769
4.4167	18.44769
4.4183	18.44769
4.42	18.44769
4.4217	18.44769
4.4233	18.4102
4.425	18.4102
4.4267	18.4102
4.4283	18.4102
4.43	18.4102
4.4317	18.4102
4.4333	18.4102
4.435	18.4102
4.4367	18.4102
4.4383	18.4102
4.44	18.4102
4.4417	18.4102
4.4433	18.4102
4.445	18.3727
4.4467	18.3727
4.4483	18.3727
4.45	18.3727
4.4517	18.3727
4.4533	18.3727
4.455	18.3727
4.4567	18.3727
4.4583	18.3727
4.46	18.3727
4.4617	18.3727
4.4633	18.33521
4.465	18.33521
4.4667	18.33521
4.4683	18.33521
4.47	18.33521
4.4717	18.33521
4.4733	18.33521
4.475	18.29771
4.4767	18.29771
4.4783	18.29771
4.48	18.29771
4.4817	18.29771
4.4833	18.29771
4.485	18.29771
4.4867	18.29771
4.4883	18.26022
4.49	18.26022
4.4917	18.26022
4.4933	18.26022
4.495	18.26022
4.4967	18.26022
4.4983	18.26022
4.5	18.26022
4.5017	18.26022
4.5033	18.26022
4.505	18.26022
4.5067	18.22272
4.5083	18.22272
4.51	18.22272
4.5117	18.22272
4.5133	18.22272
4.515	18.18523
4.5167	18.18523
4.5183	18.18523
4.52	18.18523
4.5217	18.18523
4.5233	18.14773
4.525	18.14773
4.5267	18.14773
4.5283	18.14773
4.53	18.14773
4.5317	18.14773
4.5333	18.11024
4.535	18.11024
4.5367	18.11024
4.5383	18.11024
4.54	18.11024
4.5417	18.11024
4.5433	18.11024
4.545	18.07274
4.5467	18.07274
4.5483	18.07274
4.55	18.07274
4.5517	18.07274
4.5533	18.07274
4.555	18.07274
4.5567	18.07274
4.5583	18.07274
4.56	18.03525
4.5617	18.03525
4.5633	18.03525
4.565	18.03525
4.5667	18.03525
4.5683	18.03525
4.57	18.03525
4.5717	18.03525
4.5733	18.03525
4.575	18.03525
4.5767	18.03525
4.5783	18.03525
4.58	18.03525
4.5817	18.03525
4.5833	18.03525
4.585	18.03525
4.5867	18.03525
4.5883	18.03525
4.59	18.03525
4.5917	17.99775
4.5933	17.99775
4.595	17.99775
4.5967	17.99775
4.5983	17.99775
4.6	17.99775
4.6017	17.99775
4.6033	17.99775
4.605	17.99775
4.6067	17.99775
4.6083	17.99775
4.61	17.99775
4.6117	17.99775
4.6133	17.99775
4.615	17.99775
4.6167	17.99775
4.6183	17.99775
4.62	17.99775
4.6217	17.99775
4.6233	17.99775
4.625	17.99775
4.6267	17.99775
4.6283	17.99775
4.63	17.99775
4.6317	17.99775
4.6333	17.99775
4.635	17.99775
4.6367	17.99775
4.6383	17.99775
4.64	17.99775
4.6417	17.99775
4.6433	17.99775
4.645	17.99775
4.6467	17.99775
4.6483	17.99775
4.65	17.99775
4.6517	17.99775
4.6533	17.96025
4.655	17.96025
4.6567	17.96025
4.6583	17.96025
4.66	17.96025
4.6617	17.96025
4.6633	17.96025
4.665	17.96025
4.6667	17.96025
4.6683	17.96025
4.67	17.96025
4.6717	17.92276
4.6733	17.92276
4.675	17.92276
4.6767	17.92276
4.6783	17.92276
4.68	17.92276
4.6817	17.92276
4.6833	17.92276
4.685	17.92276
4.6867	17.92276
4.6883	17.92276
4.69	17.92276
4.6917	17.92276
4.6933	17.92276
4.695	17.92276
4.6967	17.92276
4.6983	17.88526
4.7	17.88526
4.7017	17.88526
4.7033	17.88526
4.705	17.88526
4.7067	17.88526
4.7083	17.88526
4.71	17.88526
4.7117	17.88526
4.7133	17.88526
4.715	17.88526
4.7167	17.88526
4.7183	17.88526
4.72	17.88526
4.7217	17.88526
4.7233	17.88526
4.725	17.88526
4.7267	17.88526
4.7283	17.88526
4.73	17.88526
4.7317	17.88526
4.7333	17.88526
4.735	17.88526
4.7367	17.88526
4.7383	17.88526
4.74	17.88526
4.7417	17.88526
4.7433	17.88526
4.745	17.88526
4.7467	17.88526
4.7483	17.88526
4.75	17.88526
4.7517	17.88526
4.7533	17.88526
4.755	17.88526
4.7567	17.88526
4.7583	17.88526
4.76	17.88526
4.7617	17.88526
4.7633	17.88526
4.765	17.88526
4.7667	17.88526
4.7683	17.88526
4.77	17.88526
4.7717	17.88526
4.7733	17.88526
4.775	17.88526
4.7767	17.88526
4.7783	17.88526
4.78	17.88526
4.7817	17.88526
4.7833	17.88526
4.785	17.88526
4.7867	17.88526
4.7883	17.88526
4.79	17.88526
4.7917	17.88526
4.7933	17.88526
4.795	17.88526
4.7967	17.88526
4.7983	17.88526
4.8	17.88526
4.8017	17.88526
4.8033	17.88526
4.805	17.88526
4.8067	17.88526
4.8083	17.88526
4.81	17.88526
4.8117	17.88526
4.8133	17.88526
4.815	17.88526
4.8167	17.88526
4.8183	17.88526
4.82	17.88526
4.8217	17.88526
4.8233	17.88526
4.825	17.88526
4.8267	17.88526
4.8283	17.88526
4.83	17.88526
4.8317	17.88526
4.8333	17.88526
4.835	17.88526
4.8367	17.88526
4.8383	17.88526
4.84	17.88526
4.8417	17.88526
4.8433	17.88526
4.845	17.88526
4.8467	17.88526
4.8483	17.88526
4.85	17.88526
4.8517	17.88526
4.8533	17.88526
4.855	17.88526
4.8567	17.88526
4.8583	17.88526
4.86	17.88526
4.8617	17.88526
4.8633	17.88526
4.865	17.88526
4.8667	17.88526
4.8683	17.88526
4.87	17.88526
4.8717	17.88526
4.8733	17.88526
4.875	17.88526
4.8767	17.88526
4.8783	17.88526
4.88	17.88526
4.8817	17.88526
4.8833	17.88526
4.885	17.88526
4.8867	17.88526
4.8883	17.88526
4.89	17.88526
4.8917	17.88526
4.8933	17.88526
4.895	17.88526
4.8967	17.88526
4.8983	17.88526
4.9	17.88526
4.9017	17.88526
4.9033	17.88526
4.905	17.88526
4.9067	17.88526
4.9083	17.88526
4.91	17.88526
4.9117	17.88526
4.9133	17.88526
4.915	17.88526
4.9167	17.88526
4.9183	17.88526
4.92	17.88526
4.9217	17.88526
4.9233	17.88526
4.925	17.88526
4.9267	17.88526
4.9283	17.88526
4.93	17.88526
4.9317	17.88526
4.9333	17.88526
4.935	17.88526
4.9367	17.88526
4.9383	17.88526
4.94	17.88526
4.9417	17.88526
4.9433	17.88526
4.945	17.88526
4.9467	17.88526
4.9483	17.88526
4.95	17.88526
4.9517	17.88526
4.9533	17.88526
4.955	17.88526
4.9567	17.88526
4.9583	17.88526
4.96	17.92276
4.9617	17.92276
4.9633	17.92276
4.965	17.92276
4.9667	17.92276
4.9683	17.92276
4.97	17.92276
4.9717	17.92276
4.9733	17.92276
4.975	17.92276
4.9767	17.92276
4.9783	17.92276
4.98	17.92276
4.9817	17.92276
4.9833	17.92276
4.985	17.92276
4.9867	17.92276
4.9883	17.92276
4.99	17.92276
4.9917	17.92276
4.9933	17.92276
4.995	17.92276
4.9967	17.92276
4.9983	17.92276
5	17.92276
5.0017	17.92276
5.0033	17.92276
5.005	17.92276
5.0067	17.92276
5.0083	17.92276
5.01	17.92276
5.0117	17.92276
5.0133	17.92276
5.015	17.92276
5.0167	17.92276
5.0183	17.92276
5.02	17.92276
5.0217	17.92276
5.0233	17.92276
5.025	17.92276
5.0267	17.92276
5.0283	17.92276
5.03	17.92276
5.0317	17.92276
5.0333	17.92276
5.035	17.92276
5.0367	17.92276
5.0383	17.92276
5.04	17.92276
5.0417	17.92276
5.0433	17.92276
5.045	17.92276
5.0467	17.92276
5.0483	17.92276
5.05	17.92276
5.0517	17.92276
5.0533	17.92276
5.055	17.92276
5.0567	17.92276
5.0583	17.92276
5.06	17.92276
5.0617	17.92276
5.0633	17.92276
5.065	17.92276
5.0667	17.92276
5.0683	17.92276
5.07	17.96025
5.0717	17.96025
5.0733	17.96025
5.075	17.96025
5.0767	17.96025
5.0783	17.96025
5.08	17.96025
5.0817	17.96025
5.0833	17.96025
5.085	17.96025
5.0867	17.96025
5.0883	17.96025
5.09	17.96025
5.0917	17.96025
5.0933	17.96025
5.095	17.96025
5.0967	17.96025
5.0983	17.96025
5.1	17.96025
5.1017	17.96025
5.1033	17.96025
5.105	17.96025
5.1067	17.96025
5.1083	17.96025
5.11	17.96025
5.1117	17.96025
5.1133	17.96025
5.115	17.96025
5.1167	17.96025
5.1183	17.96025
5.12	17.96025
5.1217	17.96025
5.1233	17.96025
5.125	17.96025
5.1267	17.96025
5.1283	17.96025
5.13	17.96025
5.1317	17.96025
5.1333	17.96025
5.135	17.96025
5.1367	17.96025
5.1383	17.96025
5.14	17.96025
5.1417	17.96025
5.1433	17.96025
5.145	17.96025
5.1467	17.96025
5.1483	17.96025
5.15	17.96025
5.1517	17.96025
5.1533	17.96025
5.155	17.96025
5.1567	17.96025
5.1583	17.96025
5.16	17.96025
5.1617	17.96025
5.1633	17.96025
5.165	17.96025
5.1667	17.96025
5.1683	17.96025
5.17	17.96025
5.1717	17.96025
5.1733	17.96025
5.175	17.96025
5.1767	17.96025
5.1783	17.96025
5.18	17.96025
5.1817	17.96025
5.1833	17.96025
5.185	17.96025
5.1867	17.96025
5.1883	17.96025
5.19	17.96025
5.1917	17.99775
5.1933	17.99775
5.195	17.99775
5.1967	17.99775
5.1983	17.99775
5.2	17.99775
5.2017	17.99775
5.2033	17.99775
5.205	17.99775
5.2067	17.99775
5.2083	17.99775
5.21	17.99775
5.2117	17.99775
5.2133	17.99775
5.215	17.99775
5.2167	17.99775
5.2183	17.99775
5.22	17.99775
5.2217	17.99775
5.2233	17.99775
5.225	17.99775
5.2267	17.99775
5.2283	17.99775
5.23	17.99775
5.2317	17.99775
5.2333	17.99775
5.235	17.99775
5.2367	17.99775
5.2383	17.99775
5.24	17.99775
5.2417	17.99775
5.2433	17.99775
5.245	17.99775
5.2467	17.99775
5.2483	17.99775
5.25	17.99775
5.2517	17.99775
5.2533	17.99775
5.255	17.99775
5.2567	17.99775
5.2583	17.99775
5.26	17.99775
5.2617	17.99775
5.2633	17.99775
5.265	18.03525
5.2667	18.03525
5.2683	18.03525
5.27	18.03525
5.2717	18.03525
5.2733	18.03525
5.275	18.03525
5.2767	18.03525
5.2783	18.03525
5.28	18.03525
5.2817	18.03525
5.2833	18.03525
5.285	18.03525
5.2867	18.03525
5.2883	18.03525
5.29	18.03525
5.2917	0
